{"alphas": [[0.5416666666666661, 0.49999999999999933, 0.4615384615384609, 0.4345794392523358, 0.41743119266054984, 0.39285714285714224, 0.37719298245613975, 0.36206896551724077, 0.3474576271186435, 0.3333333333333327], [0.5416666666666661, 0.49999999999999933, 0.47087378640776634, 0.4433962264150937, 0.41743119266054984, 0.40090090090090025, 0.38495575221238876, 0.36956521739130377, 0.3547008547008541, 0.34033613445378097], [0.6235955056179767, 0.5869565217391297, 0.5526315789473677, 0.5204081632653055, 0.49999999999999933, 0.47087378640776634, 0.4523809523809518, 0.4345794392523358, 0.42592592592592526, 0.4090909090909085], [0.5416666666666661, 0.49999999999999933, 0.47087378640776634, 0.4433962264150937, 0.41743119266054984, 0.40090090090090025, 0.38495575221238876, 0.36956521739130377, 0.3547008547008541, 0.34033613445378097], [0.6235955056179767, 0.5752688172043003, 0.5416666666666661, 0.5101010101010095, 0.4900990099009894, 0.47087378640776634, 0.4523809523809518, 0.4345794392523358, 0.41743119266054984, 0.4090909090909085], [0.7499999999999993, 0.704819277108433, 0.6627906976744178, 0.6235955056179767, 0.5989010989010981, 0.5752688172043003, 0.5638297872340419, 0.5416666666666661, 0.5204081632653055, 0.5101010101010095]], "sizes": [-1, 0, 1, 2, 3, 4], "test_stats": {"top_1_accuracy": 0.9440000057220459}, "clustering_stats": {"-1": {"silhouette_score": 0.06891035288572311, "adj_rand": 0.053932362894780074, "MI_score": 0.13229133358207049, "homogeneity_score": 0.1348932071007671, "completeness": 0.13746090453646523, "FMI": 0.15225337395874777}, "0": {"silhouette_score": 0.04991554096341133, "adj_rand": 0.04793860945087847, "MI_score": 0.1175070996931076, "homogeneity_score": 0.12083316507139703, "completeness": 0.1220287196287975, "FMI": 0.14506152405564718}, "1": {"silhouette_score": 0.10158701986074448, "adj_rand": 0.14048837873383357, "MI_score": 0.2877268181105959, "homogeneity_score": 0.27794972810093027, "completeness": 0.30539899596543024, "FMI": 0.25252496303436966}, "2": {"silhouette_score": 0.20099465548992157, "adj_rand": 0.16238228535817714, "MI_score": 0.33098927295892544, "homogeneity_score": 0.31428665318331495, "completeness": 0.3566705301128645, "FMI": 0.28224516201282385}, "3": {"silhouette_score": 0.2608899772167206, "adj_rand": 0.19783690659956085, "MI_score": 0.45111099133026317, "homogeneity_score": 0.4094845691788233, "completeness": 0.508897063625809, "FMI": 0.3432263042895285}, "4": {"silhouette_score": 0.281802237033844, "adj_rand": 0.27419835844906365, "MI_score": 0.5787168234337619, "homogeneity_score": 0.5214962138621543, "completeness": 0.6553247230597907, "FMI": 0.4110047046619359}}}